"PrivzetiVrstniRed","Naziv postopka","KodaPostopka","TipVnosa","Navodilo","PrivzetaEnota","Skupina","Aktiven","InternaOpomba","Pripadnost","ZaporednaStevilka","FazaTesta","KljucneBesede","StatusPostopka"
"10","Izklop inštalacijskih odklopnikov","KP-0001","DA_NE","Izklop inštalacijskih odklopnikov v peči. Če inštalacijskega odklopnika ni pojdi na naslednji korak.",,"Funkcija","Pravilno",,"ALL","1","PRIPRAVA _0",,"AKTIVEN"
"11","Odstranitev folije","KP-0002","DA_NE","Odstranitev folije iz čelnega dela peči.",,"Ročno delo","Pravilno",,"ALL","2","PRIPRAVA _0",,"AKTIVEN"
"12","Kontrola tovarniške nalepke","KP-0003","OK_NOK","Preveri nalepljeno tovarniško nalepko, 2kos.",,"Vizualno","Pravilno",,"ALL","3","PRIPRAVA _0",,"AKTIVEN"
"13","Kontrola ožičenja grelcev","KP-0004","OK_NOK","Preveri ožičenje, pravilna povezava grelcev.",,"Elektrika","Pravilno",,"ALL","4","PRIPRAVA _0",,"AKTIVEN"
"14","Kontrola ožičenja konektorjev","KP-0005","OK_NOK","Preveri vstavljenost konektorjev pri krmilnikih.",,"Elektrika","Pravilno",,"ALL","5","PRIPRAVA _0",,"AKTIVEN"
"20","Zračnost notranjega stekla","KP-0006","OK_NOK","Preveri zračnost notranjega stekla gor/dol + držalo stekla.",,"Vizualno","Pravilno",,"ALL","6","PRIPRAVA _0",,"AKTIVEN"
"100","Napetost varovalk","KP-0007","MERITEV","Meritev napetosti na varovalkah peči (cca. 400V).","V","Elektrika","Pravilno",,"ALL","7","PRED_ZAGONOM_100",,"AKTIVEN"
"201","Zvočni signal ob vklopu","KP-0008","OK_NOK","Ob vklopu peči preveri zvočni signal.",,"Funkcija","Pravilno",,"ALL","8","ROCNI_TEST_200",,"AKTIVEN"
"202","Ročno - vklop osvetlitve","KP-0010","OK_NOK","Vklopi peč s tipko na zaslonu ""ON""ali s stikalom, vklopi kontaktor K1, vklopi se osvetlitev.",,"Funkcija","Pravilno",,"OCB","1","ROCNI_TEST_200",,"AKTIVEN"
"101","Tok na grelcu - spodaj","KP-0009","MERITEV","Izmeri tok na glavnem grelcu spodaj HTB10, FB10-S, FB10-S Cl (11.71, 13.76, 13.76 A): ","A","Funkcija","Pravilno",,"OCB","2","PRED_ZAGONOM_100",,"AKTIVEN"
